None,Soccer Red,Basketball,Pink Fish,Soccer,Soccer Purple,Orange Fish,Green Fish,Soccer Green,Soccer Blue,Soccer Yellow
7574,170,478,220,475,126,237,239,163,156,162
None,Stick,Mouse Red,Yarn Purple,Mouse Gray,Yarn Green,Bone,Yarn Red,Yarn Yellow,Yarn Blue,Mouse White,Mouse Gold
6241,511,220,399,200,423,499,418,423,432,190,44
Green,None,Cyan,Yellow,Red,Purple
1002,4933,1069,984,1007,1005
Black and Red,Crown Red,None,Orange,Crown Red - Three Gems,Cyan,Crown Green,Crown Blue,Devil Horns,Purple,Santa,Green,Yellow,Crown Blue - Three Gems,Egypt,Firefighter
884,424,4855,405,94,422,394,438,402,363,389,427,388,102,5,8
Purple Collar,None,Blue Collar,Cyan Collar,Red Collar,Blue Bow,Green Collar,Red Bow,Yellow Collar,Green Bow,Yellow Bow,Orange Collar,Black Collar,Turquoise,Pink Bow,Cyan Bow,Purple Bow
353,2608,778,363,742,362,776,388,825,399,378,368,392,101,384,393,390
None,SuperHero,Glasses,Black Glasses,Eye Patch,3D Glasses
6928,503,1449,475,545,100
Blue,Green,Red,Pink/Blue,Yellow,Cyan,Blue/Yellow,Purple
1985,2106,998,150,1846,1355,223,1337
Pug,Shiba,Bengal,Short Hair,Scotis,Orange Tabby,Doodle,Retriever,Doodle (White),Sphynx,Dalmation
2100,1000,455,990,2193,1262,335,1300,165,100,100
None,Wings Grey,Wings
9912,38,50
